{"input_scale": 128.0, "conv1_output_scale": 0.0005058831116283035, "conv2_output_scale": 0.002361742265839217, "fc1_output_scale": 0.0016907023926045935, "fc2_output_scale": 0.003218459257859018, "fc3_output_scale": 0.002387110750747197}